PART NAME,MANUFACTURER,DESC,TYPE,ID,PLATE,LOGIC,RANGE,ARMOR,SPEED,FUEL,POWER,SLOTS,COST,WEAPON TYPE,ATTACK SEQUENCE,PIERCING,DAMAGE,PROJ SPEED,PROJ RANGE,RANGE STAT VARIANT,VAR RANGE,ROF,USES FUEL,USE SCAN,ROF LOGIC,OVER ATTACK,VERT VAR,VAR ROF,WEAPON VALUE,PLATE (LEGACY),LOGIC (LEGACY),RANGE (LEGACY),ARMOR (LEGACY),SPEED (LEGACY),FUEL (LEGACY),POWER (LEGACY),SLOTS (LEGACY),COST (LEGACY),VALUE
Mastodon Missile Launcher,BeastBots,SHAKE THE EARTH! No machine of metal could ever stop you!,ARM,AR01,40,0,0,10,0,0,0,0,150,MISSILE,SINGLE,FALSE,20,16,30,TRUE,RANGE,1,FALSE,TRUE,TRUE,FALSE,0,0.25,110,20,0,0,0,0,0,0,0,150,0
ThinkSmart® Blizzard,ThinkSmart®,Net positive in function and purpose. TSmart® Blizzard: Think Positive,ARM,AR02,20,0,0,0,0,0,0,0,150,CRYO,SINGLE,FALSE,1,4,50,FALSE,0,20,FALSE,TRUE,TRUE,TRUE,2,4,100,20,0,0,0,0,0,0,0,140,-40
IndustrialGrade™ Eviscerator,IndustrialGrade™,The IndustrialGrade™ eviscerator melts steel and burns circuits by spraying fuel burning at temperatures over 5000K. WARNING: Reserve fuel canisters may combust spontaneously.,ARM,AR03,30,0,0,0,0,2,0,0,150,FLAME,SINGLE,FALSE,1,4,30,FALSE,0,25,TRUE,TRUE,TRUE,TRUE,0.5,0,115,10,0,0,0,0,2,0,0,100,0
Crusader Excalibur,Crusader,Wield the blade of Righteousness upon the Non-Believers! Unleash Wrath and absolve them of their Wicked Ways!,ARM,AR04,30,0,0,15,0,0,2,0,150,TESLA,TESLA,TRUE,8,8,25,TRUE,POWER,1,TESLA,TESLA,TESLA,TESLA,TESLA,0,75,15,0,0,0,0,0,2,0,120,0
M.I.C. UNIT-09 CHAINGUN,M.I.C.,MANDATE: Not enough Bullets. RESULT: More Bullets.,ARM,AR05,40,0,0,0,0,0,0,0,150,BULLET,SINGLE,FALSE,1,40,20,TRUE,RANGE,20,FALSE,TRUE,TRUE,FALSE,0.5,2,130,20,0,0,0,0,0,0,0,100,0
ZenTech Enlightenment,ZenTech,To strike out in anger is to strike oneself.,ARM,AR06,90,0,0,50,0,0,0,0,150,ZEN FORCE,SINGLE,FALSE,1,1,30,FALSE,0,1,FALSE,FALSE,FALSE,TRUE,0,0,5,30,0,0,24,0,0,0,0,100,0
Streamline TurboJet,Streamline,"Superheated thermal exhaust boosts your bot to unprecedented speeds. High speed, low drag - feel the Streamline.",ARM,AR07,40,0,0,0,6,0,0,0,50,N/A,N/A,N/A,N/A,N/A,N/A,N/A,N/A,N/A,N/A,N/A,N/A,N/A,N/A,N/A,0,40,0,0,0,2,0,0,0,80,0
SwordCoast Broadsider,Compact + SwordCoast + Tornado,"Hunger not for your victory, but for your enemy's defeat. Run the seas red with their blood.",ARM,AR08,20,0,0,0,0,0,0,0,150,LEVIATHAN MISSILE,SINGLE,FALSE,35,8,40,TRUE,10,0.8,FALSE,TRUE,TRUE,FALSE,0,0.05,140,30,0,0,0,0,0,0,0,180,0
ThinkSmart® Ambidex,ThinkSmart®,"For when the future is the past. Our hands hold the key, and the key is a gun.TSmart® Ambidex: Think Unlocked",ARM,AR09,40,0,0,0,0,0,0,0,120,BULLET,SINGLE,FALSE,1,40,20,TRUE,RANGE,5,FALSE,TRUE,TRUE,FALSE,0.2,4,60,20,0,0,0,0,0,0,0,60,-40
M.I.C. UNIT-10 DOUBLEBARREL,M.I.C.,MANDATE : Not enough Rockets. RESULT : More Rockets.,ARM,AR10,40,0,0,0,0,0,0,0,175,MISSILE,DOUBLE,FALSE,20,16,30,TRUE,RANGE,1,FALSE,TRUE,TRUE,FALSE,0,0.5,155,25,0,0,0,0,0,0,0,140,0
Hornet Missile Launcher,BeastBots,Death by a thousand high velocity impact explosives.,ARM,AR11,40,0,0,0,0,0,0,0,200,HORNET MISSILE,MULTI,FALSE,5,30,30,TRUE,RANGE,3,FALSE,TRUE,TRUE,FALSE,0,1,180,30,0,0,0,0,0,0,0,200,0
Taraskian Ultimatum,BeastBots,Game Over,ARM,AR12,40,0,0,0,0,0,0,0,230,BEAM (L),DOUBLE,TRUE,30,1,1000,FALSE,0,0.05,FALSE,TRUE,TRUE,TRUE,0,0,210,80,0,0,0,0,0,0,0,250,0
InvaderWare Cerebellum,InvaderWare,Be one with Invader,ARM,AR13,30,8,0,0,0,0,0,0,55,N/A,N/A,N/A,N/A,N/A,N/A,N/A,N/A,N/A,N/A,N/A,N/A,N/A,N/A,N/A,0,30,4,0,0,0,0,0,0,45,0
ThinkSmart® Ambition,ThinkSmart®,"Embracing the possibilities laid out before you, leaving the fruit tree bare as it disappears in the distance behind you. ThinkSmart® Ambidex: Think Fruit",ARM,AR14,10,1,1,0,0,0,0,0,300,BEAM (S),MULTI,TRUE,5,1,1000,FALSE,0,1,FALSE,TRUE,TRUE,TRUE,0,0.25,245,25,1,1,0,0,0,0,0,80,-40
ZenTech Arm of The Southern Cliffs,ZenTech,Fall and Break,ARM,AR15,30,0,0,15,0,0,0,0,135,MELEE,MELEE,FALSE,20,1,1,FALSE,0,1,MELEE,MELEE,MELEE,MELEE,MELEE,0,90,20,0,0,4,0,0,0,0,80,0
ZenTech Arm of The Eastern Shores,ZenTech,Torn by Tides,ARM,AR16,20,0,0,10,0,0,0,0,135,MELEE,MELEE,FALSE,12,1,1,FALSE,0,2,MELEE,MELEE,MELEE,MELEE,MELEE,0,105,30,0,0,8,0,0,0,0,60,0
ZenTech Arm of The Western Plains,ZenTech,"Ceaseless, Undending",ARM,AR17,10,0,0,5,0,0,0,0,135,MELEE,MELEE,FALSE,5,1,1,FALSE,0,5.5,MELEE,MELEE,MELEE,MELEE,MELEE,0,120,40,0,0,12,0,0,0,0,50,0
ZenTech Arm of The Northern Slopes,ZenTech,Furious Might,ARM,AR18,40,0,0,20,0,0,0,0,135,MELEE,MELEE,FALSE,35,1,1,FALSE,0,0.5,MELEE,MELEE,MELEE,MELEE,MELEE,0,75,10,0,0,2,0,0,0,0,120,0
HobbyBot External Processor,HobbyBot,"No point in lying, we forgot to put armor on this one",HEAD,H02,0,2,0,0,0,0,0,0,10,N/A,N/A,N/A,N/A,N/A,N/A,N/A,N/A,N/A,N/A,N/A,N/A,N/A,N/A,N/A,0,30,4,0,0,0,0,0,0,15,0
M.I.C. UNIT-07 BUNKER,M.I.C.,MANDATE : Not enough Bunker. RESULT : More Bunker.,HEAD,H01,80,0,0,0,0,0,0,0,40,N/A,N/A,N/A,N/A,N/A,N/A,N/A,N/A,N/A,N/A,N/A,N/A,N/A,N/A,N/A,0,80,0,0,0,0,0,0,0,40,0
Crusader Cross Guard,Crusader,Brace hardened Steel against the Devious Enemy! Be Blind to their Foul Tricks!,HEAD,H03,40,0,0,15,0,0,0,0,50,N/A,N/A,N/A,N/A,N/A,N/A,N/A,N/A,N/A,N/A,N/A,N/A,N/A,N/A,N/A,0,60,0,0,12,0,0,0,0,50,0
Streamline Glide Fin,Streamline,"Once you attach the Glide Fin, your bot will cut through the air like a shark through the water. High speed, low drag - Feel the Streamline.",HEAD,H04,40,0,0,0,2,0,0,0,30,N/A,N/A,N/A,N/A,N/A,N/A,N/A,N/A,N/A,N/A,N/A,N/A,N/A,N/A,N/A,0,25,0,0,0,1,0,0,0,30,0
M.I.C. UNIT-01 GUNFACE,M.I.C.,MANDATE : Not enough Gun. RESULT : More Gun.,HEAD,H05,10,0,0,0,0,0,0,0,65,BULLET,SINGLE,FALSE,1,40,20,TRUE,RANGE,5,FALSE,TRUE,TRUE,FALSE,0.5,1,60,30,0,0,0,0,0,0,0,40,0
HobbyBot Scanner,HobbyBot,Be careful not to use this component in an area with a lot of signal traffic as it may short circuit. Also may catch fire,HEAD,H06,20,2,2,0,0,0,0,0,30,N/A,N/A,N/A,N/A,N/A,N/A,N/A,N/A,N/A,N/A,N/A,N/A,N/A,N/A,N/A,0,20,2,2,0,0,0,0,0,10,0
Cyclops Long Range Scanner,BeastBots,A high range digital radar sensor that improves robot aiming ability and increases weapon range by mapping target location for increased accuracy.,HEAD,H07,20,2,4,0,0,0,0,0,40,N/A,N/A,N/A,N/A,N/A,N/A,N/A,N/A,N/A,N/A,N/A,N/A,N/A,N/A,N/A,0,5,2,4,0,0,0,0,0,30,0
HobbyBot Blockhead,HobbyBot,This head is better than no head. Just barely,HEAD,H08,20,0,0,0,0,0,0,0,10,N/A,N/A,N/A,N/A,N/A,N/A,N/A,N/A,N/A,N/A,N/A,N/A,N/A,N/A,N/A,0,20,0,0,4,0,0,0,0,10,0
Sabertooth missile Launcher,BeastBots,Feel the POWER! POW! Slam your opponent with a sabertooth missile and break em! AWOOOOOO!,HEAD,H09,10,0,0,0,0,0,0,0,125,MISSILE,DOUBLE,FALSE,15,15,30,TRUE,RANGE,1,FALSE,TRUE,TRUE,FALSE,0,1,120,40,0,0,0,0,0,0,0,80,0
Crusader Power Tripper,Crusader,Eviscerate those who do not Heed the Wise! Let True Power com forth and Smite the Heretics!,HEAD,H10,20,0,0,0,0,0,2,0,40,N/A,N/A,N/A,N/A,N/A,N/A,N/A,N/A,N/A,N/A,N/A,N/A,N/A,N/A,N/A,0,20,0,0,0,0,0,2,0,35,0
ThinkSmart® Eyedar,ThinkSmart®,Long term plans and critical strategic analysis made manifest. ThinkSmart® Eyedar: Think Sight.,HEAD,H11,20,4,4,0,0,0,0,0,90,N/A,N/A,N/A,N/A,N/A,N/A,N/A,N/A,N/A,N/A,N/A,N/A,N/A,N/A,N/A,0,10,4,4,0,0,0,0,0,60,-40
ZenTech Clairvoyance,ZenTech,To see with the eye is to be deceived by that which now is. To see with the mind is to see that which can be.,HEAD,H12,40,0,2,10,0,0,0,0,50,N/A,N/A,N/A,N/A,N/A,N/A,N/A,N/A,N/A,N/A,N/A,N/A,N/A,N/A,N/A,0,20,0,2,8,0,0,0,0,50,0
ThinkSmart® Solarium,ThinkSmart®,Adapting to a changing environment and embracing the future. ThinkSmart® Solarium: Think Sun,HEAD,H13,20,0,0,0,0,2,2,0,100,N/A,N/A,N/A,N/A,N/A,N/A,N/A,N/A,N/A,N/A,N/A,N/A,N/A,N/A,N/A,0,40,2,0,0,0,1,1,0,80,-40
IndustrialGrade™ Vent Head,IndustrialGrade™,IndustrialGrade™ is powered entirely by naturally occurring resources and vents exhaust back to the source. WARNING: Byproducts may cause genetic tissue degredation in amphibians.,HEAD,H14,40,0,0,0,0,2,2,0,70,N/A,N/A,N/A,N/A,N/A,N/A,N/A,N/A,N/A,N/A,N/A,N/A,N/A,N/A,N/A,0,80,0,0,0,0,2,2,0,50,0
IndustrialGrade™ Welding Mask,IndustrialGrade™,"At IndustrialGrade™, safety is our number four concern. WARNING: In case of malfunction, avert gaze to avoid permanent blindness.",HEAD,H15,20,0,0,20,0,0,0,0,50,N/A,N/A,N/A,N/A,N/A,N/A,N/A,N/A,N/A,N/A,N/A,N/A,N/A,N/A,N/A,0,40,0,0,8,0,0,0,0,30,0
InvaderWare Contact,InvaderWare,We have forseen this already,HEAD,H16,20,6,1,0,0,0,0,0,45,N/A,N/A,N/A,N/A,N/A,N/A,N/A,N/A,N/A,N/A,N/A,N/A,N/A,N/A,N/A,0,30,1,1,0,1,0,1,0,50,0
IndustrialGrade™ Colossus,IndustrialGrade™,"IndustrialGrade™ is proud to present the Colossus, an 18-cylinder excavator engine that runs on low-grade crude petroleum. WARNING: May flood immediate area with carbon monoxide.",LEG,L01,110,0,0,0,1,1,1,3,100,N/A,N/A,N/A,N/A,N/A,N/A,N/A,N/A,N/A,N/A,N/A,N/A,N/A,N/A,N/A,0,100,0,0,0,1,1,1,3,120,0
M.I.C. UNIT-03 TANK,M.I.C.,MANDATE : Not enough Treads. RESULT : More Treads.,LEG,L02,120,0,0,10,1,0,0,1,90,N/A,N/A,N/A,N/A,N/A,N/A,N/A,N/A,N/A,N/A,N/A,N/A,N/A,N/A,N/A,0,90,0,0,8,1,0,0,1,80,0
ThinkSmart® Uni Wheel,ThinkSmart®,Challenge the Status Quo. Challenge how we move in the new age.TSmart® Uni Wheel : Think Cyclical,LEG,L03,50,0,0,0,2,0,0,1,80,N/A,N/A,N/A,N/A,N/A,N/A,N/A,N/A,N/A,N/A,N/A,N/A,N/A,N/A,N/A,0,50,0,0,0,2,0,0,1,90,-40
Crusader Iron Steed ,Crusader,Push through Doubt as you would an Enemy! Yield not to the Sword nor Blasphemy!,LEG,L04,50,0,0,15,1,0,3,1,110,N/A,N/A,N/A,N/A,N/A,N/A,N/A,N/A,N/A,N/A,N/A,N/A,N/A,N/A,N/A,0,50,0,0,20,1,0,0,1,80,0
InvaderWare Martian,InvaderWare,Fast and light,LEG,L05,30,0,0,0,2,0,0,1,30,N/A,N/A,N/A,N/A,N/A,N/A,N/A,N/A,N/A,N/A,N/A,N/A,N/A,N/A,N/A,0,30,0,0,0,2,0,0,1,40,0
ZenTech Levitator,ZenTech,Detach yourself from the world and the earth beneath you shall no longer hold you as it does now.,LEG,L06,100,0,0,15,1,0,0,1,90,N/A,N/A,N/A,N/A,N/A,N/A,N/A,N/A,N/A,N/A,N/A,N/A,N/A,N/A,N/A,0,100,0,0,8,3,0,0,1,80,0
ThinkSmart® Stratosphere,ThinkSmart®,Keep up with the transformation of mobility. Synergy between you and your destination. TSmart® Stratosphere: Think Upwards,LEG,L07,90,2,0,0,2,0,0,1,110,N/A,N/A,N/A,N/A,N/A,N/A,N/A,N/A,N/A,N/A,N/A,N/A,N/A,N/A,N/A,0,80,0,0,0,2,0,0,1,140,-40
Streamline Racer,Streamline,"Lightweight, and balanced, the Streamline Racer provides your bot with both speed and grace. High speed, low drag - feel the Streamline.",LEG,L08,80,0,0,0,3,0,0,1,60,N/A,N/A,N/A,N/A,N/A,N/A,N/A,N/A,N/A,N/A,N/A,N/A,N/A,N/A,N/A,0,40,0,0,0,3,0,0,1,50,0
Streamline Glider,Streamline,"Combining propulsion engines with a low-friction ultrasmooth bearing, nothing is faster than a Streamline Glider. High speed, low drag - feel the Streamline.",LEG,L09,30,0,0,0,4,0,0,1,40,N/A,N/A,N/A,N/A,N/A,N/A,N/A,N/A,N/A,N/A,N/A,N/A,N/A,N/A,N/A,0,30,0,0,0,4,0,0,1,75,0
ZenTech Meditator,ZenTech,May peace find you as it does those who would wish you harm,LEG,L10,50,0,0,20,2,0,0,1,80,N/A,N/A,N/A,N/A,N/A,N/A,N/A,N/A,N/A,N/A,N/A,N/A,N/A,N/A,N/A,0,40,0,0,16,2,0,0,1,80,0
HobbyBot Mower Engine,HobbyBot,"Strapped for cash but need that bot to move? This baby may sacrifice, power, stability and durability but it’ll definitely move. Kinda",LEG,L11,20,0,0,0,1,0,0,1,20,N/A,N/A,N/A,N/A,N/A,N/A,N/A,N/A,N/A,N/A,N/A,N/A,N/A,N/A,N/A,0,30,0,0,0,1,0,0,1,20,0
M.I.C. UNIT-05 BOXCAR,M.I.C.,MANDATE : Not enough Slots. RESULT : More Slots.,LEG,L12,260,0,0,10,1,0,0,5,180,N/A,N/A,N/A,N/A,N/A,N/A,N/A,N/A,N/A,N/A,N/A,N/A,N/A,N/A,N/A,0,220,0,0,0,1,0,0,5,180,0
Tornado PathMaker,Compact + SwordCoast + Tornado,Crush all that you see. Destroy all that dare cross your path. Let harm befall your enemies.,LEG,L13,50,0,0,5,2,0,0,1,160,MELEE,MELEE,FALSE,5,1,1,FALSE,0,5,MELEE,MELEE,MELEE,MELEE,MELEE,0,110,50,0,0,4,2,0,0,1,90,0
InvaderWare Plutonian,InvaderWare,The War of the Worlds to end all Wars,LEG,L14,40,0,0,0,1,0,0,1,30,N/A,N/A,N/A,N/A,N/A,N/A,N/A,N/A,N/A,N/A,N/A,N/A,N/A,N/A,N/A,0,40,0,0,0,1,0,0,1,50,0
Compact Plasteel Armor,Compact + SwordCoast + Tornado,Armor made of Plasteel.,ARMOR,MR01,120,0,0,10,0,0,0,0,80,N/A,N/A,N/A,N/A,N/A,N/A,N/A,N/A,N/A,N/A,N/A,N/A,N/A,N/A,N/A,0,120,0,0,4,0,0,0,0,100,0
Crusader Aegis,Crusader,Iron is but the Manifest of your Will! Let the Heathens shatter like waves against the Unyielding light!,ARMOR,MR02,20,0,0,15,0,0,2,0,70,N/A,N/A,N/A,N/A,N/A,N/A,N/A,N/A,N/A,N/A,N/A,N/A,N/A,N/A,N/A,0,40,0,0,8,0,0,2,0,60,0
Hydra Head Slot,BeastBots,Two heads are better than one! The Hydra Head Attachment will allow you to add a second head so you can outthink your opponents.,ARMOR,MR03,10,0,0,0,0,0,0,1,10,N/A,N/A,N/A,N/A,N/A,N/A,N/A,N/A,N/A,N/A,N/A,N/A,N/A,N/A,N/A,0,10,0,0,0,0,0,0,0,20,0
IndustrialGrade™ Heat Transfer Vent,IndustrialGrade™,The high grade IndustrialGrade™ paladium provides efficient insulation against high temperatures. WARNING : Inhaling hot paladium fumes may cause blindness.,ARMOR,MR04,20,0,0,0,0,2,0,0,30,N/A,N/A,N/A,N/A,N/A,N/A,N/A,N/A,N/A,N/A,N/A,N/A,N/A,N/A,N/A,0,30,0,0,0,0,1,1,0,50,0
HobbyBot External Circuitry,HobbyBot,Why hide underneath all that armor? Show everybody your hard work and hand-soldered circuits,ARMOR,MR05,20,2,0,0,0,0,0,0,20,N/A,N/A,N/A,N/A,N/A,N/A,N/A,N/A,N/A,N/A,N/A,N/A,N/A,N/A,N/A,0,5,4,0,0,0,0,0,0,10,0
M.I.C. UNIT-02 CORE,M.I.C.,MANDATE : Not enough Barrels. RESULT : MoreBarrels.,ARMOR,MR06,10,0,1,0,0,0,0,0,70,BULLET,SINGLE,FALSE,1,40,20,TRUE,RANGE,5,FALSE,TRUE,TRUE,FALSE,0.5,1,60,10,0,1,0,0,0,0,0,80,0
IndustrialGrade™ Volatile Ignition,IndustrialGrade™,"A steady, regulated stream of IndustrialGrade™ combustible gas that melts through steel. WARNING: Inlet valve may not close during meltdown.",ARMOR,MR07,20,0,0,0,0,1,0,0,70,FLAME,SINGLE,FALSE,1,4,30,FALSE,0,10,TRUE,TRUE,TRUE,TRUE,0.5,0,50,20,0,0,0,0,1,0,0,50,0
Tortuga Spike Shield,BeastBots,Crash into those fools and make em hurt!,ARMOR,MR08,60,0,0,10,0,0,0,0,60,IMPACT,MELEE,FALSE,30,1,1,FALSE,0,0.1,FALSE,TRUE,FALSE,FALSE,MELEE,0,10,60,0,0,8,0,0,0,0,60,0
InvaderWare Pulse,InvaderWare,They shall serve,ARMOR,MR09,10,0,0,0,0,0,0,0,250,BEAM (S),MULTI,TRUE,5,1,1000,FALSE,0,1,FALSE,TRUE,TRUE,TRUE,0.2,0.5,245,15,0,0,0,0,0,0,0,120,0
HobbyBot High Grade Armor,HobbyBot,"Digitally laser printed with custom, precision machining and nope that's just a trash can lid",ARMOR,MR10,10,0,0,5,0,0,0,0,15,N/A,N/A,N/A,N/A,N/A,N/A,N/A,N/A,N/A,N/A,N/A,N/A,N/A,N/A,N/A,0,20,0,0,4,0,0,0,0,15,0
Compact Teutonium Plate,Compact + SwordCoast + Tornado,Reliable.,ARMOR,MR11,30,0,0,30,0,0,0,0,75,N/A,N/A,N/A,N/A,N/A,N/A,N/A,N/A,N/A,N/A,N/A,N/A,N/A,N/A,N/A,0,50,0,0,18,0,0,0,0,100,0
Compact Chest Drill,Compact + SwordCoast + Tornado,Unleash the fighting spirit.,ARMOR,MR12,20,0,0,10,0,0,0,0,140,MELEE,MELEE,FALSE,5,1,1,FALSE,0,5,MELEE,MELEE,MELEE,MELEE,MELEE,0,110,25,0,0,8,0,0,0,0,45,0
InvaderWare Fusion,InvaderWare,We bring them peace,ARMOR,MR13,10,0,0,0,0,0,0,0,210,BEAM (L),SINGLE,TRUE,30,1,1000,FALSE,0,0.05,FALSE,TRUE,TRUE,TRUE,0,0,205,5,0,0,0,0,0,0,0,150,0
HobbyBot Vent Cover,HobbyBot,It may not stop bullets all that well but it should stop dust from getting into the fans,ARMOR,MR14,0,0,0,5,1,0,0,0,15,N/A,N/A,N/A,N/A,N/A,N/A,N/A,N/A,N/A,N/A,N/A,N/A,N/A,N/A,N/A,0,15,0,0,2,0,0,0,0,5,0
Crusader Justice,Crusader,Let the Righteous Spirit embrace your Being! Channel Divine Judgement upon the Earth!,ARMOR,MR15,20,0,0,0,0,0,1,0,60,TESLA,TESLA,TRUE,4,4,25,TRUE,POWER,1,TESLA,TESLA,TESLA,TESLA,TESLA,0,35,15,0,0,0,0,0,1,0,35,0
Streamline Inlet,Streamline,"Ram air through your compressors at high speeds for optimal results. High speed, low drag - feel the Streamline.",ARMOR,MR16,10,0,0,0,3,0,0,0,20,N/A,N/A,N/A,N/A,N/A,N/A,N/A,N/A,N/A,N/A,N/A,N/A,N/A,N/A,N/A,0,10,0,0,0,1,0,0,0,20,0
Compact Regulation Frame,Compact + SwordCoast + Tornado,Adheres to regulations.,TORSO,T01,70,0,0,10,0,1,0,3,80,N/A,N/A,N/A,N/A,N/A,N/A,N/A,N/A,N/A,N/A,N/A,N/A,N/A,N/A,N/A,0,60,0,0,8,0,1,0,0,60,0
SwordCoast Swashbuckler,Compact + SwordCoast + Tornado,"Ruinous as the waves, quick as the furious tempest. Rain and thunder at your heels, the sea claims all.",TORSO,T02,130,0,0,0,0,0,0,3,80,N/A,N/A,N/A,N/A,N/A,N/A,N/A,N/A,N/A,N/A,N/A,N/A,N/A,N/A,N/A,0,80,0,0,12,0,0,0,0,80,0
ThinkSmart® Lightweight Core,ThinkSmart®,Reduce overhead while getting results.ThinkSmart® Lightweight: Think Light,TORSO,T03,20,0,0,5,0,0,0,2,70,N/A,N/A,N/A,N/A,N/A,N/A,N/A,N/A,N/A,N/A,N/A,N/A,N/A,N/A,N/A,0,20,0,0,4,0,0,0,0,40,-40
Streamline Shocktube,Streamline,"The Streamline Shocktube gives your bot that extra bit of speed while still allowing you to attach standard bot components. High speed, low drag - feel the Streamline.",TORSO,T04,30,0,0,0,2,0,0,3,40,N/A,N/A,N/A,N/A,N/A,N/A,N/A,N/A,N/A,N/A,N/A,N/A,N/A,N/A,N/A,0,30,0,0,0,1,0,0,0,60,0
IndustrialGrade™ Hercules,IndustrialGrade™,IndustrialGrade™ parts are maticulously machined and both heat and chemically treated to resist wear. WARNING: touching treated surfaces with bare skin may cause nerve damage.,TORSO,T05,100,0,0,0,0,2,2,4,120,N/A,N/A,N/A,N/A,N/A,N/A,N/A,N/A,N/A,N/A,N/A,N/A,N/A,N/A,N/A,0,100,0,0,0,0,2,2,0,120,0
ZenTech Center,ZenTech,Be silent and centered. Find the locus of your own being and let the rest come to you.,TORSO,T06,70,0,0,10,0,0,0,1,60,N/A,N/A,N/A,N/A,N/A,N/A,N/A,N/A,N/A,N/A,N/A,N/A,N/A,N/A,N/A,0,80,0,0,8,0,0,0,0,50,0
HobbyBot Drone,HobbyBot,Everything a bot needs to technically qualify as functional. Except weapons,TORSO,T07,40,0,0,0,0,0,0,0,20,N/A,N/A,N/A,N/A,N/A,N/A,N/A,N/A,N/A,N/A,N/A,N/A,N/A,N/A,N/A,0,50,0,0,0,0,0,0,0,50,0
InvaderWare Supernova,InvaderWare,Adjusting for refraction index. Calculating light trajectory,TORSO,T08,60,0,0,0,0,0,0,0,250,BEAM (L),SINGLE,TRUE,50,1,1000,FALSE,0,0.1,FALSE,TRUE,TRUE,TRUE,0,0,220,30,0,0,0,0,0,0,0,200,0
Compact Soldroid,Compact + SwordCoast + Tornado,All round balanced bot frame. Includes a wireless scanner.,TORSO,T09,50,1,1,0,0,0,0,3,50,N/A,N/A,N/A,N/A,N/A,N/A,N/A,N/A,N/A,N/A,N/A,N/A,N/A,N/A,N/A,0,50,1,1,0,0,0,0,0,60,0
M.I.C. UNIT-08 TROOPER,M.I.C.,MANDATE : Not enough Weapons. RESULT : More Weapons.,TORSO,T10,80,0,0,0,0,0,0,2,100,BULLET,SINGLE,FALSE,1,40,20,TRUE,RANGE,3,FALSE,TRUE,TRUE,FALSE,0,1,50,120,0,0,0,0,0,0,0,100,0
ThinkSmart® Polymer Core,ThinkSmart®,"Affordable quality and attention to detail, painted in a smooth and sleek polymer surface finish. ThinkSmart® Lite Core: Think Quality",TORSO,T11,30,0,0,5,1,0,0,2,80,N/A,N/A,N/A,N/A,N/A,N/A,N/A,N/A,N/A,N/A,N/A,N/A,N/A,N/A,N/A,0,40,0,0,2,1,0,0,0,80,-40
M.I.C. UNIT-04 DOMINION,M.I.C.,MANDATE : Not enough Tower. RESULT : More Tower.,TORSO,T12,240,0,0,0,0,0,0,4,140,N/A,N/A,N/A,N/A,N/A,N/A,N/A,N/A,N/A,N/A,N/A,N/A,N/A,N/A,N/A,0,250,0,0,0,0,0,0,0,140,0
InvaderWare Mastermind,InvaderWare,The mind is a terrible thing to waste,TORSO,T13,60,6,0,0,0,0,0,2,70,N/A,N/A,N/A,N/A,N/A,N/A,N/A,N/A,N/A,N/A,N/A,N/A,N/A,N/A,N/A,0,75,4,0,0,0,0,0,0,75,0
IndustrialGrade™ PureO2,IndustrialGrade™,"At IndustrialGrade™, our passion for quality fuel is reflected by our unadulterated abundance. WARNING: Increasing oxygen supply during combustion may result in minor catastrophic failure.",TORSO,T14,20,0,0,10,0,4,0,2,80,N/A,N/A,N/A,N/A,N/A,N/A,N/A,N/A,N/A,N/A,N/A,N/A,N/A,N/A,N/A,0,20,0,0,4,0,5,0,0,65,0
Crusader Templar,Crusader,The  Faithful Heart stands mightier than the Sharpest Arrow! Sheets of Wrought Iron join in Harmonious DefianceQ,TORSO,T15,160,0,0,0,0,0,4,2,150,N/A,N/A,N/A,N/A,N/A,N/A,N/A,N/A,N/A,N/A,N/A,N/A,N/A,N/A,N/A,0,200,0,0,0,0,0,2,0,140,0
HobbyBot Tin Can,HobbyBot,A sheet of the finest trash can steel protects your vulnerable internal circuits,TORSO,T16,10,0,0,5,0,0,0,2,25,N/A,N/A,N/A,N/A,N/A,N/A,N/A,N/A,N/A,N/A,N/A,N/A,N/A,N/A,N/A,0,15,0,0,0,0,0,0,0,15,0
Tornado WakeFinder,Compact + SwordCoast + Tornado,"Shred their circuits, tear through their armor. Eliminate all resistance.",TORSO,T17,40,0,0,0,0,0,0,1,135,MELEE,MELEE,FALSE,5,1,1,FALSE,0,5,MELEE,MELEE,MELEE,MELEE,MELEE,0,110,50,0,0,0,0,0,0,0,60,0
Crusader Covenant,Crusader,"Divine is the Oath, Sacred is the Vow! Let Nothing shake your Resolve!",TORSO,T18,50,0,0,0,0,0,4,3,100,N/A,N/A,N/A,N/A,N/A,N/A,N/A,N/A,N/A,N/A,N/A,N/A,N/A,N/A,N/A,0,50,0,0,0,0,0,4,0,80,0
Cobra Missile Launcher,BeastBots,The cobra missile strikes faster than the eye can see. Be wary or suffer its deadly bite.,MOD,TW01,10,0,0,0,0,0,0,0,90,COBRA MISSILE,SINGLE,FALSE,10,80,10,FALSE,0,1,FALSE,FALSE,FALSE,FALSE,0,0.25,85,30,0,0,0,0,0,0,0,40,0
HobbyBot Top-mounted Processor,HobbyBot,Save precious space and expensive plating by putting critical processing units on the outside of your bot,MOD,TW02,20,2,0,0,0,0,0,0,20,N/A,N/A,N/A,N/A,N/A,N/A,N/A,N/A,N/A,N/A,N/A,N/A,N/A,N/A,N/A,0,5,2,0,0,0,0,0,0,30,0
ThinkSmart® Snowstorm,ThinkSmart®,Review logistical constructions and analyze the structural foundations by which you achieve your goals. The ThinkSmart®  Snowstorm: Think Pristine,MOD,TW03,10,0,0,0,0,0,0,0,95,CRYO,SINGLE,FALSE,1,3,50,FALSE,0,10,FALSE,TRUE,TRUE,TRUE,2,2,50,10,0,0,0,0,0,0,0,60,-40
Streamline RamJet,Streamline,"High compression ratios and superheated jets sacrifice everything… for speed. High speed, low drag - feel the Streamline.",MOD,TW04,20,0,0,0,2,0,0,0,20,N/A,N/A,N/A,N/A,N/A,N/A,N/A,N/A,N/A,N/A,N/A,N/A,N/A,N/A,N/A,0,5,0,0,0,2,0,0,0,60,0
IndustrialGrade™ Incinerator,IndustrialGrade™,"A master of thermal manipulation, the IndustrialGrade™ Incinerator leaves nothing behind but ash. WARNING: Inhaling icinerated ash may cause severe lung irritation.",MOD,TW05,20,0,0,0,0,0,0,0,80,FLAME,SINGLE,FALSE,1,3,30,FALSE,0,15,TRUE,TRUE,TRUE,TRUE,0.5,0,70,15,0,0,0,0,0,0,0,50,0
M.I.C. UNIT-06 RPG,M.I.C.,MANDATE : Not Enough Damage. RESULT : More Damage.,MOD,TW06,20,0,0,0,0,0,0,0,120,MISSILE,SINGLE,FALSE,20,16,30,TRUE,RANGE,1,FALSE,TRUE,TRUE,FALSE,0,0.1,110,15,0,0,0,0,0,0,0,50,0
InvaderWare ThinkTank,InvaderWare,Enter the think tank,MOD,TW07,20,4,0,0,0,0,0,0,30,N/A,N/A,N/A,N/A,N/A,N/A,N/A,N/A,N/A,N/A,N/A,N/A,N/A,N/A,N/A,0,10,0,0,0,0,2,0,0,40,0
SwordCoast Periscope,Compact + SwordCoast + Tornado,Seek them out. Hunt them down. Sink them.,MOD,TW08,10,0,4,0,0,0,0,0,25,N/A,N/A,N/A,N/A,N/A,N/A,N/A,N/A,N/A,N/A,N/A,N/A,N/A,N/A,N/A,0,10,0,4,0,0,0,0,0,45,0
Crusader Reliquary,Crusader,Wear the Symbol of your Devotion! Let it strike Fear into the Hearts of the Unworthy!,MOD,TW09,20,0,0,10,0,0,1,0,45,N/A,N/A,N/A,N/A,N/A,N/A,N/A,N/A,N/A,N/A,N/A,N/A,N/A,N/A,N/A,0,15,0,0,8,0,0,1,0,35,0
Tortuga Composite Shielding,BeastBots,Hunker down. Protect yourself.,MOD,TW10,80,0,0,15,0,0,0,0,70,N/A,N/A,N/A,N/A,N/A,N/A,N/A,N/A,N/A,N/A,N/A,N/A,N/A,N/A,N/A,0,80,0,0,12,0,0,0,0,60,0
Wasp Missile launcher,BeastBots,Persevere by sheer strength in numbers! Unleash the swarm and sting ‘em!,MOD,TW11,10,0,0,0,0,0,0,0,140,HORNET MISSILE,MULTI,FALSE,5,30,30,TRUE,RANGE,2,FALSE,TRUE,TRUE,FALSE,0,0.25,135,30,0,0,0,0,0,0,0,60,0
InvaderWare Collapse,InvaderWare,They will listen,MOD,TW12,40,0,0,0,0,0,0,0,250,BEAM (L),SINGLE,TRUE,30,1,1000,FALSE,0,0.25,FALSE,TRUE,TRUE,TRUE,0,0,230,30,0,0,0,0,0,0,0,200,0
Streamline Intake,Streamline,"Increased intake cross sectional area to increase the efficiency of your engines. High speed, low drag - feel the Streamline.",MOD,TW13,10,0,0,0,2,0,0,0,15,N/A,N/A,N/A,N/A,N/A,N/A,N/A,N/A,N/A,N/A,N/A,N/A,N/A,N/A,N/A,0,30,0,0,4,1,0,0,0,50,0
Crusader Lance,Crusader,"Pierce your Opponents and Absolve them! Repent, those who Oppose the Truth!",MOD,TW14,20,0,0,0,0,0,1,0,60,TESLA,TESLA,TRUE,4,4,25,TRUE,POWER,1,TESLA,TESLA,TESLA,TESLA,TESLA,0,35,25,0,0,0,0,0,1,0,90,0
IndustrialGrade™ Thermal Generator,IndustrialGrade™,IndustrialGrade™ heats vaporized petroleum to over 2000K to directly heat battery elements. WARNING: Escaping petroleum vapors may temporarily melt flesh.,MOD,TW15,20,0,0,0,0,4,0,0,50,N/A,N/A,N/A,N/A,N/A,N/A,N/A,N/A,N/A,N/A,N/A,N/A,N/A,N/A,N/A,0,20,0,0,0,0,2,2,0,70,0
ZenTech Meditator,ZenTech,Be within to resist without.,MOD,TW16,40,0,0,20,0,0,0,0,60,N/A,N/A,N/A,N/A,N/A,N/A,N/A,N/A,N/A,N/A,N/A,N/A,N/A,N/A,N/A,0,50,0,0,20,0,0,0,0,60,0
StreamLine Ranger,Streamline,"Mapping the environment and all obstacles to calculate the most efficient route. High speed, low drag - feel the Streamline.",MOD,TW17,40,2,2,0,1,0,0,0,45,N/A,N/A,N/A,N/A,N/A,N/A,N/A,N/A,N/A,N/A,N/A,N/A,N/A,N/A,N/A,0,50,2,2,0,0,0,0,0,60,0
Streamline Thurst Vector,Streamline,"Zero to sixty, stop on a dime. Be exactly where you want to be, go exactly where you want to go. High speed, low drag - feel the Streamline.",MOD,TW18,20,0,0,0,2,0,0,0,20,N/A,N/A,N/A,N/A,N/A,N/A,N/A,N/A,N/A,N/A,N/A,N/A,N/A,N/A,N/A,0,20,0,0,0,1,0,0,0,30,0
PLACEHOLDER,HobbyBot,PLACEHOLDER,ARM,,,,,,,,,,,?,?,?,?,?,?,?,?,?,?,?,?,?,?,?,#VALUE!,,,,,,,,,,#VALUE!
PLACEHOLDER,HobbyBot,PLACEHOLDER,ARM,,,,,,,,,,,?,?,?,?,?,?,?,?,?,?,?,?,?,?,?,#VALUE!,,,,,,,,,,#VALUE!
PLACEHOLDER,ZenTech,PLACEHOLDER,ARMOR,,,,,,,,,,,?,?,?,?,?,?,?,?,?,?,?,?,?,?,?,#VALUE!,,,,,,,,,,#VALUE!
PLACEHOLDER,InvaderWare,PLACEHOLDER,ARMOR,,,,,,,,,,,?,?,?,?,?,?,?,?,?,?,?,?,?,?,?,#VALUE!,,,,,,,,,,#VALUE!
PLACEHOLDER,M.I.C.,PLACEHOLDER,ARMOR,,,,,,,,,,,?,?,?,?,?,?,?,?,?,?,?,?,?,?,?,#VALUE!,,,,,,,,,,#VALUE!
PLACEHOLDER,ThinkSmart®,PLACEHOLDER,ARMOR,,,,,,,,,,,?,?,?,?,?,?,?,?,?,?,?,?,?,?,?,#VALUE!,,,,,,,,,,#VALUE!
PLACEHOLDER,Compact + SwordCoast + Tornado,PLACEHOLDER,HEAD,,,,,,,,,,,?,?,?,?,?,?,?,?,?,?,?,?,?,?,?,#VALUE!,,,,,,,,,,#VALUE!
PLACEHOLDER,Crusader,PLACEHOLDER,HEAD,,,,,,,,,,,?,?,?,?,?,?,?,?,?,?,?,?,?,?,?,#VALUE!,,,,,,,,,,#VALUE!
PLACEHOLDER,InvaderWare,PLACEHOLDER,HEAD,,,,,,,,,,,?,?,?,?,?,?,?,?,?,?,?,?,?,?,?,#VALUE!,,,,,,,,,,#VALUE!
PLACEHOLDER,ThinkSmart®,PLACEHOLDER,HEAD,,,,,,,,,,,?,?,?,?,?,?,?,?,?,?,?,?,?,?,?,#VALUE!,,,,,,,,,,#VALUE!
PLACEHOLDER,Compact + SwordCoast + Tornado,PLACEHOLDER,LEG,,,,,,,,,,,?,?,?,?,?,?,?,?,?,?,?,?,?,?,?,#VALUE!,,,,,,,,,,#VALUE!
PLACEHOLDER,BeastBots,PLACEHOLDER,LEG,,,,,,,,,,,?,?,?,?,?,?,?,?,?,?,?,?,?,?,?,#VALUE!,,,,,,,,,,#VALUE!
PLACEHOLDER,Crusader,PLACEHOLDER,LEG,,,,,,,,,,,?,?,?,?,?,?,?,?,?,?,?,?,?,?,?,#VALUE!,,,,,,,,,,#VALUE!
PLACEHOLDER,IndustrialGrade™,PLACEHOLDER,LEG,,,,,,,,,,,?,?,?,?,?,?,?,?,?,?,?,?,?,?,?,#VALUE!,,,,,,,,,,#VALUE!
PLACEHOLDER,IndustrialGrade™,PLACEHOLDER,LEG,,,,,,,,,,,?,?,?,?,?,?,?,?,?,?,?,?,?,?,?,#VALUE!,,,,,,,,,,#VALUE!
PLACEHOLDER,Streamline,PLACEHOLDER,LEG,,,,,,,,,,,?,?,?,?,?,?,?,?,?,?,?,?,?,?,?,#VALUE!,,,,,,,,,,#VALUE!
PLACEHOLDER,ZenTech,PLACEHOLDER,MOD,,,,,,,,,,,?,?,?,?,?,?,?,?,?,?,?,?,?,?,?,#VALUE!,,,,,,,,,,#VALUE!
PLACEHOLDER,M.I.C.,PLACEHOLDER,MOD,,,,,,,,,,,?,?,?,?,?,?,?,?,?,?,?,?,?,?,?,#VALUE!,,,,,,,,,,#VALUE!
PLACEHOLDER,BeastBots,PLACEHOLDER,TORSO,,,,,,,,,,,?,?,?,?,?,?,?,?,?,?,?,?,?,?,?,#VALUE!,,,,,,,,,,#VALUE!
PLACEHOLDER,Streamline,PLACEHOLDER,TORSO,,,,,,,,,,,?,?,?,?,?,?,?,?,?,?,?,?,?,?,?,#VALUE!,,,,,,,,,,#VALUE!
